{
    "0": "./documents/doc_15.txt",
    "1": "./documents/doc_73.txt",
    "2": "./documents/doc_19.txt",
    "3": "./documents/doc_70.txt",
    "4": "./documents/doc_25.txt",
    "5": "./documents/doc_39.txt",
    "6": "./documents/doc_26.txt",
    "7": "./documents/doc_42.txt",
    "8": "./documents/doc_5.txt",
    "9": "./documents/doc_64.txt",
    "10": "./documents/doc_76.txt",
    "11": "./documents/doc_97.txt",
    "12": "./documents/doc_95.txt",
    "13": "./documents/doc_54.txt",
    "14": "./documents/doc_32.txt",
    "15": "./documents/doc_21.txt",
    "16": "./documents/doc_36.txt",
    "17": "./documents/doc_3.txt",
    "18": "./documents/doc_51.txt",
    "19": "./documents/doc_7.txt",
    "20": "./documents/doc_13.txt",
    "21": "./documents/doc_61.txt",
    "22": "./documents/doc_84.txt",
    "23": "./documents/doc_38.txt",
    "24": "./documents/doc_77.txt",
    "25": "./documents/doc_65.txt",
    "26": "./documents/doc_12.txt",
    "27": "./documents/doc_57.txt",
    "28": "./documents/doc_92.txt",
    "29": "./documents/doc_67.txt",
    "30": "./documents/doc_11.txt",
    "31": "./documents/doc_20.txt",
    "32": "./documents/doc_71.txt",
    "33": "./documents/doc_6.txt",
    "34": "./documents/doc_2.txt",
    "35": "./documents/doc_74.txt",
    "36": "./documents/doc_10.txt",
    "37": "./documents/doc_18.txt",
    "38": "./documents/doc_94.txt",
    "39": "./documents/doc_33.txt",
    "40": "./documents/doc_17.txt",
    "41": "./documents/doc_43.txt",
    "42": "./documents/doc_52.txt",
    "43": "./documents/doc_9.txt",
    "44": "./documents/doc_24.txt",
    "45": "./documents/doc_59.txt",
    "46": "./documents/doc_1.txt",
    "47": "./documents/doc_79.txt",
    "48": "./documents/doc_37.txt",
    "49": "./documents/doc_40.txt",
    "50": "./documents/doc_29.txt",
    "51": "./documents/doc_48.txt",
    "52": "./documents/doc_27.txt",
    "53": "./documents/doc_78.txt",
    "54": "./documents/doc_4.txt",
    "55": "./documents/doc_90.txt",
    "56": "./documents/doc_53.txt",
    "57": "./documents/doc_35.txt",
    "58": "./documents/doc_80.txt",
    "59": "./documents/doc_47.txt",
    "60": "./documents/doc_88.txt",
    "61": "./documents/doc_16.txt",
    "62": "./documents/doc_0.txt",
    "63": "./documents/doc_72.txt",
    "64": "./documents/doc_81.txt",
    "65": "./documents/doc_28.txt",
    "66": "./documents/doc_49.txt",
    "67": "./documents/doc_69.txt",
    "68": "./documents/doc_41.txt",
    "69": "./documents/doc_62.txt",
    "70": "./documents/doc_75.txt",
    "71": "./documents/doc_30.txt",
    "72": "./documents/doc_31.txt",
    "73": "./documents/doc_23.txt",
    "74": "./documents/doc_58.txt",
    "75": "./documents/doc_68.txt",
    "76": "./documents/doc_89.txt",
    "77": "./documents/doc_44.txt",
    "78": "./documents/doc_46.txt",
    "79": "./documents/doc_91.txt",
    "80": "./documents/doc_45.txt",
    "81": "./documents/doc_87.txt",
    "82": "./documents/doc_8.txt",
    "83": "./documents/doc_98.txt",
    "84": "./documents/doc_22.txt",
    "85": "./documents/doc_96.txt",
    "86": "./documents/doc_55.txt",
    "87": "./documents/doc_14.txt",
    "88": "./documents/doc_63.txt",
    "89": "./documents/doc_50.txt",
    "90": "./documents/doc_34.txt",
    "91": "./documents/doc_56.txt",
    "92": "./documents/doc_85.txt",
    "93": "./documents/doc_66.txt",
    "94": "./documents/doc_93.txt",
    "95": "./documents/doc_83.txt",
    "96": "./documents/doc_60.txt",
    "97": "./documents/doc_99.txt",
    "98": "./documents/doc_86.txt",
    "99": "./documents/doc_82.txt",
    "100": 0,
    "101": 1,
    "102": 2,
    "103": 3,
    "104": 4,
    "105": 5,
    "106": 6,
    "107": 7,
    "108": 8,
    "109": 9,
    "110": 10,
    "111": 11,
    "112": 12,
    "113": 13,
    "114": 14,
    "115": 15,
    "116": 16,
    "117": 17,
    "118": 18,
    "119": 19,
    "120": 20,
    "121": 21,
    "122": 22,
    "123": 23,
    "124": 24,
    "125": 25,
    "126": 26,
    "127": 27,
    "128": 28,
    "129": 29,
    "130": 30,
    "131": 31,
    "132": 32,
    "133": 33,
    "134": 34,
    "135": 35,
    "136": 36,
    "137": 37,
    "138": 38,
    "139": 39,
    "140": 40,
    "141": 41,
    "142": 42,
    "143": 43,
    "144": 44,
    "145": 45,
    "146": 46,
    "147": 47,
    "148": 48,
    "149": 49,
    "150": 50,
    "151": 51,
    "152": 52,
    "153": 53,
    "154": 54,
    "155": 55,
    "156": 56,
    "157": 57,
    "158": 58,
    "159": 59,
    "160": 60,
    "161": 61,
    "162": 62,
    "163": 63,
    "164": 64,
    "165": 65,
    "166": 66,
    "167": 67,
    "168": 68,
    "169": 69,
    "170": 70,
    "171": 71,
    "172": 72,
    "173": 73,
    "174": 74,
    "175": 75,
    "176": 76,
    "177": 77,
    "178": 78,
    "179": 79,
    "180": 80,
    "181": 81,
    "182": 82,
    "183": 83,
    "184": 84,
    "185": 85,
    "186": 86,
    "187": 87,
    "188": 88,
    "189": 89,
    "190": 90,
    "191": 91,
    "192": 92,
    "193": 93,
    "194": 94,
    "195": 95,
    "196": 96,
    "197": 97,
    "198": 98,
    "199": 99
}